Chrom,Position,RSID,Reference,Alternate,Type,Allele Count,Allele Frequency
17,41196363,rs8176320,C,T,SNV,38,0.016253209
17,41196408,rs12516,G,A,SNV,739,0.31608212
17,41196725,,C,T,SNV,2,0.000855432
17,41196733,,G,,INDEL,1,0.000427716
17,41196767,,G,A,SNV,1,0.000427716
17,41196822,,,T,INDEL,36,0.015397776
17,41196822,,TTT,,INDEL,44,0.018819503
17,41196822,,TT,,INDEL,696,0.29769033
17,41196822,,T,,INDEL,556,0.23781009
17,41196823,,T,*,SNV,904,0.38665527
17,41196823,,T,C,SNV,1,0.000427716
17,41196945,rs138782023,T,C,SNV,20,0.00855432
17,41196982,,G,A,SNV,1,0.000427716
17,41197000,,T,C,SNV,1,0.000427716
17,41197210,,C,T,SNV,1,0.000427716
17,41197274,rs8176318,C,A,SNV,737,0.3152267
17,41197676,,T,C,SNV,1,0.000427716
17,41197940,rs375078966,,T,INDEL,442,0.18905047
17,41197940,rs375078966,T,,INDEL,203,0.08682635
17,41197940,rs375078966,,TT,INDEL,16,0.006843456
17,41198027,,C,T,SNV,1,0.000427716
17,41198087,rs181430678,T,G,SNV,10,0.00427716
17,41198240,,,TTT,INDEL,23,0.009837468
17,41198240,,T,,INDEL,126,0.053892214
17,41198240,,,T,INDEL,335,0.14328486
17,41198240,,,TT,INDEL,141,0.060307957
17,41198270,rs147297981,G,A,SNV,24,0.010265184
17,41198488,,C,,INDEL,1,0.000427716
17,41198490,,C,G,SNV,1,0.000427716
17,41198492,,,G,INDEL,1,0.000427716
17,41198525,,C,A,SNV,1,0.000427716
17,41198616,,G,T,SNV,1,0.000427716
17,41198621,rs8176314,A,G,SNV,739,0.31608212
17,41198662,,G,A,SNV,2,0.000855432
17,41198704,,G,A,SNV,5,0.00213858
17,41198719,,C,A,SNV,1,0.000427716
17,41198775,,,A,INDEL,707,0.3023952
17,41198775,,,AA,INDEL,60,0.02566296
17,41198775,,,AAA,INDEL,2,0.000855432
17,41198775,,A,,INDEL,128,0.05474765
17,41198961,,A,G,SNV,1,0.000427716
17,41199002,rs8176313,C,T,SNV,48,0.020530367
17,41199019,,G,A,SNV,1,0.000427716
17,41199030,rs145225180,C,T,SNV,1,0.000427716
17,41199123,rs8176312,T,C,SNV,28,0.011976048
17,41199137,,G,,INDEL,1,0.000427716
17,41199305,,T,G,SNV,4,0.001710864
17,41199387,,G,A,SNV,1,0.000427716
17,41199608,,C,T,SNV,1,0.000427716
17,41199671,rs80357286,T,C,SNV,1,0.000427716
17,41199913,rs8176310,T,C,SNV,768,0.32848588
17,41200109,rs4793190,T,C,SNV,740,0.31650984
17,41200275,,A,G,SNV,2,0.000855432
17,41200339,,C,G,SNV,11,0.004704876
17,41200370,rs8176308,C,A,SNV,10,0.00427716
17,41200376,,C,T,SNV,2,0.000855432
17,41200511,rs183112614,C,T,SNV,2,0.000855432
17,41200522,,T,C,SNV,1,0.000427716
17,41200524,,,TC,INDEL,6,0.002566296
17,41200536,,T,,INDEL,272,0.11633875
17,41200536,,,T,INDEL,47,0.020102652
17,41200536,,TT,,INDEL,44,0.018819503
17,41200537,rs4792972,T,C,SNV,667,0.28528658
17,41200537,rs4792972,T,*,SNV,27,0.011548332
17,41200538,,T,C,SNV,58,0.024807528
17,41200539,,T,C,SNV,3,0.001283148
17,41200550,rs77510730,T,A,SNV,1,0.000427716
17,41200551,rs77510730,,A,INDEL,94,0.040205304
17,41200690,,C,,INDEL,1,0.000427716
17,41200703,,TG,,INDEL,8,0.003421728
17,41200703,,TG,*,INDEL,1,0.000427716
17,41200704,,G,,INDEL,68,0.029084688
17,41200704,,G,T,SNV,6,0.002566296
17,41200704,,GTT,*,INDEL,34,0.014542344
17,41200705,,,T,INDEL,108,0.046193328
17,41200705,,T,,INDEL,684,0.29255775
17,41200765,,T,G,SNV,1,0.000427716
17,41200951,,T,A,SNV,1,0.000427716
17,41201287,,C,T,SNV,1,0.000427716
17,41201316,,A,G,SNV,1,0.000427716
17,41201341,,A,G,SNV,2,0.000855432
17,41201345,rs8176306,G,T,SNV,8,0.003421728
17,41201364,rs8176305,T,C,SNV,169,0.072284006
17,41201465,rs8176303,T,C,SNV,1,0.000427716
17,41201632,,T,G,SNV,1,0.000427716
17,41201653,,G,A,SNV,0,0
17,41201702,rs3092988,C,T,SNV,737,0.3152267
17,41201837,rs8176302,T,G,SNV,1,0.000427716
17,41201997,,C,T,SNV,4,0.001710864
17,41202064,,T,A,SNV,1,0.000427716
17,41202258,,C,T,SNV,1,0.000427716
17,41202411,,G,A,SNV,2,0.000855432
17,41202452,,C,T,SNV,1,0.000427716
17,41202486,,C,T,SNV,1,0.000427716
17,41202555,,G,T,SNV,1,0.000427716
17,41202579,rs12949768,G,A,SNV,187,0.07998289
17,41202626,rs35805899,A,,INDEL,33,0.014114628
17,41202629,,AAAAAAG,,INDEL,1,0.000427716
17,41202631,,AAAAG,,INDEL,5,0.00213858
17,41202631,,AAAAG,*,INDEL,6,0.002566296
17,41202632,,AAAG,,INDEL,44,0.018819503
17,41202632,rs376309842,AAAG,*,INDEL,7,0.002994012
17,41202633,,AAG,*,INDEL,491,0.21000856
17,41202633,rs376309842,AAG,,INDEL,557,0.23823781
17,41202634,,AG,,INDEL,37,0.015825491
17,41202635,,G,A,SNV,37,0.015825491
17,41202635,,GAA,*,INDEL,342,0.14627887
17,41202636,,AA,,INDEL,33,0.014114628
17,41202636,,,A,INDEL,27,0.011548332
17,41202688,rs8070179,G,A,SNV,767,0.32805818
17,41202782,,T,C,SNV,1,0.000427716
17,41202866,,T,G,SNV,1,0.000427716
17,41203112,,C,G,SNV,1,0.000427716
17,41203325,rs8176297,T,A,SNV,738,0.3156544
17,41203326,rs180814404,G,A,SNV,2,0.000855432
17,41203339,,TCT,,INDEL,1,0.000427716
17,41203570,,C,T,SNV,0,0
17,41203591,rs8176296,T,C,SNV,739,0.31608212
17,41203656,,,T,INDEL,156,0.0667237
17,41203656,,T,,INDEL,275,0.1176219
17,41203656,,TT,,INDEL,13,0.0055603078
17,41203676,rs139210193,C,T,SNV,14,0.005988024
17,41203829,,,T,INDEL,1,0.000427716
17,41203888,,G,A,SNV,2,0.000855432
17,41203908,rs182962125,T,C,SNV,1,0.000427716
17,41203938,,C,T,SNV,1,0.000427716
17,41204155,,T,C,SNV,1,0.000427716
17,41204234,rs74406523,T,C,SNV,13,0.0055603078
17,41204253,,A,T,SNV,1,0.000427716
17,41204377,rs4793191,A,G,SNV,740,0.31650984
17,41204390,rs4793192,T,C,SNV,739,0.31608212
17,41204583,,A,T,SNV,1,0.000427716
17,41204692,,T,G,SNV,1,0.000427716
17,41204798,,,AC,INDEL,328,0.14029084
17,41204798,,,ACACAC,INDEL,11,0.004704876
17,41204798,,,ACAC,INDEL,125,0.0534645
17,41204821,,CACACACACACACACACACACT,,INDEL,2,0.000855432
17,41204822,,ACACACACACACACACACACT,*,INDEL,2,0.000855432
17,41204823,,CACACACACACACACACACT,,INDEL,2,0.000855432
17,41204826,,ACACACACACACACACT,*,INDEL,4,0.001710864
17,41204827,,CACACACACACACACT,,INDEL,3,0.001283148
17,41204830,,ACACACACACACT,*,INDEL,6,0.002566296
17,41204831,,CACACACACACT,,INDEL,10,0.00427716
17,41204832,,ACACACACACT,*,INDEL,14,0.005988024
17,41204833,,CACACACACT,,INDEL,44,0.018819503
17,41204834,,ACACACACTCT,*,INDEL,22,0.009409752
17,41204835,,CACACACT,,INDEL,254,0.108639866
17,41204836,rs59278478,ACACACT,*,INDEL,154,0.065868266
17,41204837,rs59278478,CACACT,,INDEL,486,0.20786998
17,41204838,rs202169687,ACACT,*,INDEL,523,0.22369547
17,41204839,rs202169687,CACT,,INDEL,268,0.11462789
17,41204840,rs72360697,ACT,*,INDEL,126,0.053892214
17,41204841,rs72360697,CT,,INDEL,603,0.25791276
17,41204842,rs9897397,T,A,SNV,840,0.35928145
17,41204842,rs9897397,T,*,SNV,395,0.16894782
17,41204856,rs17671533,G,A,SNV,478,0.20444825
17,41204896,,T,,INDEL,117,0.05004277
17,41204896,,,T,INDEL,175,0.0748503
17,41204900,rs117151230,T,G,SNV,3,0.001283148
17,41205016,,C,G,SNV,1,0.000427716
17,41205095,,A,G,SNV,1,0.000427716
17,41205106,,G,T,SNV,1,0.000427716
17,41205130,,T,C,SNV,1,0.000427716
17,41205359,,G,A,SNV,1,0.000427716
17,41205397,,G,A,SNV,1,0.000427716
17,41205624,,T,C,SNV,1,0.000427716
17,41205675,,C,T,SNV,1,0.000427716
17,41205684,,,A,INDEL,47,0.020102652
17,41205685,,A,G,SNV,1,0.000427716
17,41205715,,G,A,SNV,1,0.000427716
17,41205720,,C,T,SNV,1,0.000427716
17,41205721,rs6503725,G,A,SNV,27,0.011548332
17,41205772,rs8176290,G,A,SNV,739,0.31608212
17,41205900,,C,T,SNV,1,0.000427716
17,41205941,rs7212284,A,G,SNV,767,0.32805818
17,41205977,,G,A,SNV,1,0.000427716
17,41205987,,,A,INDEL,158,0.06757913
17,41205987,,A,,INDEL,287,0.12275449
17,41205987,,,AA,INDEL,5,0.00213858
17,41206056,rs8176289,T,C,SNV,740,0.31650984
17,41206057,,G,A,SNV,9,0.003849444
17,41206097,rs78695654,C,T,SNV,2,0.000855432
17,41206131,rs8176288,A,G,SNV,1,0.000427716
17,41206178,,G,T,SNV,15,0.00641574
17,41206444,,T,G,SNV,3,0.001283148
17,41206600,rs190107337,G,A,SNV,8,0.003421728
17,41206630,rs143042094,A,T,SNV,24,0.010265184
17,41206639,rs188534348,G,A,SNV,8,0.003421728
17,41206762,,TT,,INDEL,17,0.007271172
17,41206762,,T,,INDEL,811,0.34687766
17,41206762,,,T,INDEL,76,0.032506417
17,41206852,rs8176287,T,C,SNV,30,0.01283148
17,41206884,,C,T,SNV,1,0.000427716
17,41206934,,C,T,SNV,1,0.000427716
17,41207175,,,T,INDEL,1,0.000427716
17,41207275,,G,C,SNV,1,0.000427716
17,41207462,rs62076408,C,A,SNV,155,0.06629598
17,41207728,,G,A,SNV,2,0.000855432
17,41207956,,C,G,SNV,1,0.000427716
17,41207956,,C,T,SNV,1,0.000427716
17,41207985,,T,A,SNV,1,0.000427716
17,41208192,,,T,INDEL,311,0.13301967
17,41208192,,T,,INDEL,140,0.059880238
17,41208216,rs116703787,A,C,SNV,2,0.000855432
17,41208260,,C,T,SNV,1,0.000427716
17,41208287,,C,T,SNV,1,0.000427716
17,41208347,,C,T,SNV,1,0.000427716
17,41208416,rs189148733,G,C,SNV,1,0.000427716
17,41208416,rs189148733,G,A,SNV,2,0.000855432
17,41208478,rs8176285,G,C,SNV,1,0.000427716
17,41208483,,G,A,SNV,1,0.000427716
17,41208593,,T,C,SNV,1,0.000427716
17,41208596,,G,A,SNV,1,0.000427716
17,41208693,rs113472038,,A,INDEL,207,0.08853721
17,41208703,rs368740506,AG,,INDEL,3,0.001283148
17,41208719,rs151321765,AG,,INDEL,26,0.0111206155
17,41208736,,G,T,SNV,1,0.000427716
17,41208754,rs183831660,A,G,SNV,6,0.002566296
17,41208819,,C,G,SNV,2,0.000855432
17,41208883,rs8176284,A,G,SNV,1,0.000427716
17,41208897,rs188101457,C,T,SNV,1,0.000427716
17,41208991,rs80358107,C,T,SNV,2,0.000855432
17,41209010,,,GGAGTGGAATAC,INDEL,8,0.003421728
17,41209223,,C,T,SNV,0,0
17,41209252,,C,T,SNV,1,0.000427716
17,41209490,rs8176283,T,C,SNV,1,0.000427716
17,41209555,,,A,INDEL,34,0.014542344
17,41209555,,A,,INDEL,91,0.038922157
17,41209578,rs8176282,T,C,SNV,742,0.31736526
17,41209619,,G,A,SNV,1,0.000427716
17,41209669,,G,A,SNV,1,0.000427716
17,41209801,,G,A,SNV,1,0.000427716
17,41209854,,AAACAAACAAAC,,INDEL,1,0.000427716
17,41209854,,,AAAC,INDEL,2,0.000855432
17,41209854,,AAAC,,INDEL,3,0.001283148
17,41209897,,C,T,SNV,1,0.000427716
17,41209987,,C,T,SNV,1,0.000427716
17,41210037,,,AA,INDEL,51,0.021813516
17,41210037,,,AAA,INDEL,8,0.003421728
17,41210037,,AAAAAA,,INDEL,1,0.000427716
17,41210037,,,A,INDEL,317,0.13558596
17,41210037,,A,,INDEL,74,0.031650983
17,41210062,rs36021746,A,T,SNV,20,0.00855432
17,41210063,rs36021746,,T,INDEL,5,0.00213858
17,41210063,rs36021746,,AT,INDEL,1,0.000427716
17,41210101,,G,T,SNV,1,0.000427716
17,41210124,,C,T,SNV,1,0.000427716
17,41210127,,,TAGCACTT,INDEL,9,0.003849444
17,41210274,rs117845388,C,G,SNV,5,0.00213858
17,41210324,,G,A,SNV,1,0.000427716
17,41210389,,AA,,INDEL,32,0.013686912
17,41210394,rs146318688,A,C,SNV,1,0.000427716
17,41210396,rs367566991,A,C,SNV,739,0.31608212
17,41210397,rs367566991,AC,,INDEL,9,0.003849444
17,41210397,rs367566991,,AC,INDEL,3,0.001283148
17,41210397,rs367566991,,CC,INDEL,1,0.000427716
17,41210416,rs8176278,T,C,SNV,28,0.011976048
17,41210426,rs8176277,A,G,SNV,1,0.000427716
17,41210448,,T,G,SNV,1,0.000427716
17,41210587,,C,T,SNV,2,0.000855432
17,41210674,,T,C,SNV,1,0.000427716
17,41211104,,C,A,SNV,1,0.000427716
17,41211272,,G,A,SNV,1,0.000427716
17,41211442,,C,T,SNV,1,0.000427716
17,41211487,,,ACA,INDEL,486,0.20786998
17,41211487,,,ACAACAACA,INDEL,88,0.037639007
17,41211487,,,ACAACAACAACA,INDEL,5,0.00213858
17,41211487,,ACA,,INDEL,126,0.053892214
17,41211487,,ACAACA,,INDEL,5,0.00213858
17,41211487,,,ACAACA,INDEL,283,0.12104363
17,41211531,,,AAA,INDEL,1,0.000427716
17,41211634,,,GAT,INDEL,1,0.000427716
17,41211635,,,TATTAATATTAA,INDEL,1,0.000427716
17,41211646,,A,G,SNV,1,0.000427716
17,41211653,rs8176273,A,G,SNV,738,0.3156544
17,41211681,rs139650569,A,G,SNV,6,0.002566296
17,41211715,,T,A,SNV,1,0.000427716
17,41211727,,C,G,SNV,1,0.000427716
17,41211916,,TAT,,INDEL,3,0.001283148
17,41211916,,,TAT,INDEL,1,0.000427716
17,41211953,rs185244474,T,C,SNV,24,0.010265184
17,41212042,,C,T,SNV,1,0.000427716
17,41212064,rs189676688,A,G,SNV,6,0.002566296
17,41212150,,C,T,SNV,10,0.00427716
17,41212169,rs11652377,C,T,SNV,738,0.3156544
17,41212266,,T,G,SNV,1,0.000427716
17,41212338,rs4793193,A,C,SNV,740,0.31650984
17,41212406,rs35475366,C,T,SNV,2,0.000855432
17,41212547,rs35330014,C,T,SNV,740,0.31650984
17,41212584,,C,T,SNV,4,0.001710864
17,41212690,,,T,INDEL,6,0.002566296
17,41212762,rs111581719,G,A,SNV,27,0.011548332
17,41212768,rs186421008,C,T,SNV,2,0.000855432
17,41212805,rs8077486,C,T,SNV,768,0.32848588
17,41212819,,C,T,SNV,1,0.000427716
17,41213011,,C,T,SNV,2,0.000855432
17,41213101,,C,T,SNV,1,0.000427716
17,41213120,rs146299550,G,C,SNV,1,0.000427716
17,41213166,,,A,INDEL,1,0.000427716
17,41213205,,T,C,SNV,1,0.000427716
17,41213234,,C,T,SNV,1,0.000427716
17,41213603,rs75604663,T,,INDEL,319,0.13644141
17,41213603,rs75604663,,T,INDEL,140,0.059880238
17,41213603,rs75604663,,TT,INDEL,1,0.000427716
17,41213626,rs8176269,G,T,SNV,739,0.31608212
17,41213627,,T,G,SNV,1,0.000427716
17,41213660,rs8176268,T,C,SNV,741,0.31693757
17,41213665,,T,G,SNV,1,0.000427716
17,41213727,,G,A,SNV,1,0.000427716
17,41213748,rs8176267,T,C,SNV,479,0.20487596
17,41213760,rs8176266,C,T,SNV,169,0.072284006
17,41213893,rs2187603,C,T,SNV,737,0.3152267
17,41213996,rs8176265,C,T,SNV,737,0.3152267
17,41214070,rs142221700,A,G,SNV,2,0.000855432
17,41214116,,TTT,,INDEL,48,0.020530367
17,41214116,,T,,INDEL,115,0.04918734
17,41214116,,,T,INDEL,38,0.016253209
17,41214210,rs8176263,AA,,INDEL,738,0.3156544
17,41214242,,C,T,SNV,2,0.000855432
17,41214347,,A,G,SNV,1,0.000427716
17,41214387,,T,A,SNV,1,0.000427716
17,41214619,rs76758421,A,T,SNV,1,0.000427716
17,41214620,rs76758421,T,,INDEL,155,0.06629598
17,41214620,rs76758421,,T,INDEL,51,0.021813516
17,41214666,,G,A,SNV,1,0.000427716
17,41214707,,C,T,SNV,1,0.000427716
17,41214799,,A,G,SNV,1,0.000427716
17,41214827,,T,G,SNV,1,0.000427716
17,41214839,,C,T,SNV,1,0.000427716
17,41214909,,C,T,SNV,1,0.000427716
17,41214910,,G,A,SNV,1,0.000427716
17,41214971,,G,A,SNV,1,0.000427716
17,41214994,,G,A,SNV,1,0.000427716
17,41215153,,C,T,SNV,1,0.000427716
17,41215159,,A,G,SNV,1,0.000427716
17,41215624,,G,A,SNV,1,0.000427716
17,41215825,rs3092994,C,T,SNV,740,0.31650984
17,41216021,rs8176258,G,A,SNV,48,0.020530367
17,41216205,rs8176257,G,T,SNV,570,0.24379812
17,41216206,rs8176256,T,C,SNV,169,0.072284006
17,41216314,,T,C,SNV,1,0.000427716
17,41216341,rs8176255,G,A,SNV,28,0.011976048
17,41216467,rs186194733,G,A,SNV,1,0.000427716
17,41216713,rs8176252,T,A,SNV,1,0.000427716
17,41216738,,C,T,SNV,1,0.000427716
17,41216845,,,T,INDEL,265,0.11334474
17,41216845,,T,*,SNV,884,0.37810093
17,41216845,,TT,,INDEL,100,0.0427716
17,41216845,,TTT,,INDEL,10,0.00427716
17,41216845,,T,,INDEL,761,0.32549188
17,41216846,,,TA,INDEL,1,0.000427716
17,41216923,rs150105864,C,T,SNV,2,0.000855432
17,41216933,rs3785546,T,C,SNV,744,0.3182207
17,41217041,rs8176250,G,T,SNV,66,0.028229255
17,41217048,,C,T,SNV,1,0.000427716
17,41217069,,G,A,SNV,1,0.000427716
17,41217127,rs183529484,C,A,SNV,1,0.000427716
17,41217127,rs183529484,C,G,SNV,1,0.000427716
17,41217137,,A,G,SNV,1,0.000427716
17,41217355,,T,G,SNV,0,0
17,41217361,,C,,INDEL,0,0
17,41217365,,,GGTGG,INDEL,0,0
17,41217367,,CTTAAGT,,INDEL,0,0
17,41217377,,T,,INDEL,0,0
17,41217383,,,A,INDEL,0,0
17,41217384,,CTG,,INDEL,0,0
17,41217388,,,AAAAAA,INDEL,0,0
17,41217452,,G,A,SNV,3,0.001283148
17,41217502,,A,T,SNV,6,0.002566296
17,41217552,rs8176243,A,C,SNV,92,0.039349873
17,41217639,,C,T,SNV,1,0.000427716
17,41217648,,T,G,SNV,1,0.000427716
17,41217701,,,AAACAG,INDEL,1,0.000427716
17,41217874,rs8176242,C,T,SNV,737,0.3152267
17,41217981,,T,C,SNV,1,0.000427716
17,41217990,,G,C,SNV,1,0.000427716
17,41218007,rs139038134,T,C,SNV,1,0.000427716
17,41218109,,C,G,SNV,1,0.000427716
17,41218190,,TCAG,,INDEL,1,0.000427716
17,41218333,rs4793194,G,A,SNV,739,0.31608212
17,41218371,,C,G,SNV,1,0.000427716
17,41218426,rs8176239,G,C,SNV,20,0.00855432
17,41218486,,G,A,SNV,1,0.000427716
17,41218572,rs4793195,T,C,SNV,737,0.3152267
17,41218585,,G,A,SNV,1,0.000427716
17,41218642,,G,A,SNV,1,0.000427716
17,41218672,rs147403353,C,T,SNV,23,0.009837468
17,41218706,,G,,INDEL,1,0.000427716
17,41218715,,C,T,SNV,1,0.000427716
17,41218747,rs8176237,C,T,SNV,190,0.08126604
17,41218805,rs8176236,A,G,SNV,28,0.011976048
17,41218830,,,T,INDEL,166,0.07100086
17,41218830,,T,,INDEL,280,0.119760476
17,41218830,,TT,,INDEL,50,0.0213858
17,41218830,,TTT,,INDEL,7,0.002994012
17,41218993,,C,A,SNV,1,0.000427716
17,41219239,,T,C,SNV,1,0.000427716
17,41219256,,,ATTC,INDEL,1,0.000427716
17,41219273,,,T,INDEL,200,0.0855432
17,41219273,,T,,INDEL,103,0.044054747
17,41219273,,TT,,INDEL,10,0.00427716
17,41219311,rs184234488,C,T,SNV,5,0.00213858
17,41219341,rs11654396,G,T,SNV,565,0.24165954
17,41219360,rs147144902,C,T,SNV,24,0.010265184
17,41219507,,,AG,INDEL,1,0.000427716
17,41219514,,G,A,SNV,1,0.000427716
17,41219517,,C,T,SNV,1,0.000427716
17,41219560,rs8176235,C,T,SNV,569,0.2433704
17,41219699,,T,C,SNV,1,0.000427716
17,41219780,rs8176234,T,C,SNV,739,0.31608212
17,41219785,,C,T,SNV,1,0.000427716
17,41219804,rs8176233,T,C,SNV,739,0.31608212
17,41219806,,T,C,SNV,2,0.000855432
17,41219854,,,T,INDEL,133,0.056886226
17,41219854,,,TTT,INDEL,58,0.024807528
17,41219854,,,TTTT,INDEL,499,0.21343029
17,41219854,,,TTTTT,INDEL,48,0.020530367
17,41219854,,T,,INDEL,144,0.061591104
17,41219859,,,TTTC,INDEL,1,0.000427716
17,41219882,,C,T,SNV,4,0.001710864
17,41219908,,,A,INDEL,765,0.32720274
17,41219908,,,AA,INDEL,778,0.33276305
17,41219908,,,AAA,INDEL,54,0.023096664
17,41219908,,,AAAA,INDEL,12,0.005132592
17,41219908,,A,,INDEL,88,0.037639007
17,41219908,,AA,,INDEL,22,0.009409752
17,41219923,,,AAG,INDEL,10,0.00427716
17,41219930,,T,A,SNV,14,0.005988024
17,41219932,,G,A,SNV,13,0.0055603078
17,41219985,,T,C,SNV,1,0.000427716
17,41220108,,C,T,SNV,1,0.000427716
17,41220201,,G,A,SNV,1,0.000427716
17,41220223,rs8176231,A,G,SNV,739,0.31608212
17,41220288,rs8176229,C,T,SNV,75,0.0320787
17,41220294,,A,,INDEL,139,0.059452523
17,41220294,,,A,INDEL,109,0.046621043
17,41220347,rs190756329,T,C,SNV,9,0.003849444
17,41220441,,T,C,SNV,1,0.000427716
17,41220571,,,A,INDEL,100,0.0427716
17,41220571,,A,,INDEL,383,0.16381523
17,41220658,,C,T,SNV,1,0.000427716
17,41220772,rs145869415,C,T,SNV,40,0.01710864
17,41221175,,A,G,SNV,1,0.000427716
17,41221379,,T,C,SNV,2,0.000855432
17,41221674,rs8176224,T,C,SNV,1,0.000427716
17,41221951,,TTC,,INDEL,3,0.001283148
17,41221962,,A,C,SNV,1,0.000427716
17,41222099,rs8176222,C,T,SNV,169,0.072284006
17,41222268,,T,C,SNV,1,0.000427716
17,41222427,,C,T,SNV,1,0.000427716
17,41222462,rs8176220,A,G,SNV,741,0.31693757
17,41222504,,G,C,SNV,1,0.000427716
17,41222723,rs3092987,T,C,SNV,739,0.31608212
17,41222828,,T,A,SNV,1,0.000427716
17,41222975,rs1799967,C,T,SNV,24,0.010265184
17,41223021,rs80357048,G,A,SNV,1,0.000427716
17,41223094,rs1799966,T,C,SNV,741,0.31693757
17,41223119,rs28897693,T,C,SNV,2,0.000855432
17,41223297,,G,A,SNV,1,0.000427716
17,41223368,rs187218638,G,C,SNV,1,0.000427716
17,41223511,,A,C,SNV,4,0.001710864
17,41223539,rs8176218,,AATGTTCACTGTAACAATGCTTGT,INDEL,735,0.31437126
17,41223769,rs55809351,C,T,SNV,20,0.00855432
17,41223772,,G,C,SNV,9,0.003849444
17,41223825,,C,T,SNV,1,0.000427716
17,41223865,,,A,INDEL,20,0.00855432
17,41223897,,C,T,SNV,1,0.000427716
17,41223902,rs189602222,G,A,SNV,2,0.000855432
17,41223910,,G,A,SNV,1,0.000427716
17,41224012,,G,A,SNV,2,0.000855432
17,41224043,,,AAAT,INDEL,1,0.000427716
17,41224126,rs146595490,C,T,SNV,2,0.000855432
17,41224338,,G,A,SNV,1,0.000427716
17,41224347,,G,A,SNV,2,0.000855432
17,41224354,rs188745801,C,T,SNV,8,0.003421728
17,41224355,,G,A,SNV,1,0.000427716
17,41224402,,G,A,SNV,1,0.000427716
17,41224427,,,T,INDEL,35,0.0149700595
17,41224585,,T,,INDEL,155,0.06629598
17,41224585,,,T,INDEL,132,0.05645851
17,41224585,,TTT,,INDEL,2,0.000855432
17,41224642,,C,T,SNV,1,0.000427716
17,41224833,rs111499627,G,C,SNV,739,0.31608212
17,41224883,,C,A,SNV,1,0.000427716
17,41224893,,,T,INDEL,826,0.35329342
17,41224893,,,TT,INDEL,52,0.022241231
17,41224893,,T,,INDEL,75,0.0320787
17,41224956,rs191530878,A,T,SNV,2,0.000855432
17,41224972,,,A,INDEL,2,0.000855432
17,41225029,rs117979824,A,C,SNV,6,0.002566296
17,41225039,,T,C,SNV,1,0.000427716
17,41225159,rs187507971,G,A,SNV,3,0.001283148
17,41225176,rs148436838,C,T,SNV,1,0.000427716
17,41225238,rs187106682,G,A,SNV,3,0.001283148
17,41225257,rs192172777,A,T,SNV,3,0.001283148
17,41225430,,A,G,SNV,2,0.000855432
17,41225445,rs74877299,G,A,SNV,11,0.004704876
17,41225529,,C,T,SNV,1,0.000427716
17,41225655,rs5820482,A,,INDEL,282,0.120615914
17,41225683,,A,G,SNV,1,0.000427716
17,41225766,rs375723816,,TA,INDEL,14,0.005988024
17,41225766,rs375723816,TA,,INDEL,75,0.0320787
17,41225778,,,T,INDEL,2,0.000855432
17,41225779,rs182629224,A,T,SNV,3,0.001283148
17,41225781,,A,,INDEL,12,0.005132592
17,41225781,rs8176216,A,T,SNV,731,0.3126604
17,41225783,rs8176215,A,T,SNV,1006,0.4302823
17,41225839,rs8176214,T,C,SNV,740,0.31650984
17,41225857,,C,T,SNV,1,0.000427716
17,41225938,,A,C,SNV,1,0.000427716
17,41226103,rs141660808,C,T,SNV,5,0.00213858
17,41226107,rs192877587,C,T,SNV,1,0.000427716
17,41226358,,C,T,SNV,1,0.000427716
17,41226387,rs28897691,C,T,SNV,2,0.000855432
17,41226488,rs1800744,C,A,SNV,10,0.00427716
17,41226546,,G,A,SNV,1,0.000427716
17,41226601,rs8176212,G,C,SNV,740,0.31650984
17,41226675,rs2236762,A,T,SNV,768,0.32848588
17,41226737,rs34250703,GGGTT,,INDEL,737,0.3152267
17,41226925,,A,G,SNV,2,0.000855432
17,41226999,,G,T,SNV,2,0.000855432
17,41227011,,G,A,SNV,2,0.000855432
17,41227077,,A,,INDEL,1,0.000427716
17,41227079,,A,C,SNV,1,0.000427716
17,41227083,rs35635836,C,A,SNV,1,0.000427716
17,41227084,rs35635836,,GGAA,INDEL,725,0.3100941
17,41227084,rs35635836,,GGAAGGAA,INDEL,10,0.00427716
17,41227205,,T,G,SNV,1,0.000427716
17,41227321,,G,T,SNV,1,0.000427716
17,41227330,,A,G,SNV,1,0.000427716
17,41227505,rs141326951,C,A,SNV,2,0.000855432
17,41227505,rs141326951,C,T,SNV,4,0.001710864
17,41227582,,T,,INDEL,47,0.020102652
17,41227582,,,T,INDEL,35,0.0149700595
17,41227603,,G,A,SNV,1,0.000427716
17,41227606,rs181392764,G,A,SNV,1,0.000427716
17,41227781,,T,C,SNV,1,0.000427716
17,41227862,,G,C,SNV,2,0.000855432
17,41227879,,C,T,SNV,1,0.000427716
17,41227883,,C,T,SNV,1,0.000427716
17,41227959,,A,G,SNV,1,0.000427716
17,41228042,rs56295923,G,A,SNV,0,0
17,41228222,,C,T,SNV,1,0.000427716
17,41228287,,A,G,SNV,1,0.000427716
17,41228323,,TA,,INDEL,5,0.00213858
17,41228352,,G,A,SNV,1,0.000427716
17,41228641,rs80358111,G,A,SNV,1,0.000427716
17,41228679,rs200393646,T,C,SNV,1,0.000427716
17,41228682,,T,C,SNV,1,0.000427716
17,41228700,,T,A,SNV,1,0.000427716
17,41228803,,C,T,SNV,1,0.000427716
17,41228902,,A,,INDEL,2,0.000855432
17,41228932,,A,G,SNV,1,0.000427716
17,41229111,,G,A,SNV,1,0.000427716
17,41229181,,C,T,SNV,9,0.003849444
17,41229183,,G,A,SNV,10,0.00427716
17,41229230,,,A,INDEL,1,0.000427716
17,41229353,rs11288477,T,,INDEL,77,0.032934133
17,41229353,rs11288477,,T,INDEL,745,0.31864843
17,41229386,rs12940378,T,C,SNV,738,0.3156544
17,41229494,,C,G,SNV,1,0.000427716
17,41229756,,A,G,SNV,1,0.000427716
17,41229761,rs8176205,T,,INDEL,739,0.31608212
17,41229763,rs8176204,T,A,SNV,739,0.31608212
17,41229773,rs8176203,T,C,SNV,739,0.31608212
17,41229778,rs11368665,,T,INDEL,2338,1
17,41229793,,C,T,SNV,1,0.000427716
17,41229812,rs4239147,A,G,SNV,766,0.32763046
17,41229837,rs145956834,C,G,SNV,2,0.000855432
17,41229838,,T,C,SNV,1,0.000427716
17,41229857,rs4239148,G,A,SNV,767,0.32805818
17,41229908,rs4318274,T,A,SNV,766,0.32763046
17,41229971,,C,T,SNV,1,0.000427716
17,41229987,,G,C,SNV,1,0.000427716
17,41230029,,G,C,SNV,1,0.000427716
17,41230044,rs117089582,G,A,SNV,67,0.028656973
17,41230106,,,T,INDEL,50,0.0213858
17,41230106,,T,,INDEL,832,0.3558597
17,41230106,,TTT,,INDEL,2,0.000855432
17,41230228,rs8176202,G,A,SNV,737,0.3152267
17,41230336,rs8176201,A,G,SNV,737,0.3152267
17,41230376,rs8176200,A,G,SNV,737,0.3152267
17,41230387,,C,A,SNV,1,0.000427716
17,41230453,,T,C,SNV,1,0.000427716
17,41230469,,G,A,SNV,1,0.000427716
17,41230481,,G,A,SNV,1,0.000427716
17,41230524,rs8176199,T,G,SNV,565,0.24165954
17,41230537,rs8176198,A,T,SNV,765,0.32720274
17,41230679,,C,T,SNV,2,0.000855432
17,41230838,,C,T,SNV,1,0.000427716
17,41230882,,G,T,SNV,2,0.000855432
17,41230982,rs8176197,C,T,SNV,1,0.000427716
17,41230990,rs8176196,A,G,SNV,765,0.32720274
17,41231047,,T,C,SNV,1,0.000427716
17,41231140,,G,T,SNV,6,0.002566296
17,41231206,,C,G,SNV,1,0.000427716
17,41231216,,C,T,SNV,1,0.000427716
17,41231221,rs8176194,A,C,SNV,737,0.3152267
17,41231305,,A,G,SNV,1,0.000427716
17,41231489,rs186914333,C,A,SNV,6,0.002566296
17,41231490,rs191331108,C,T,SNV,6,0.002566296
17,41231516,rs8176193,C,T,SNV,739,0.31608212
17,41231517,,G,A,SNV,1,0.000427716
17,41231698,rs8176192,G,C,SNV,27,0.011548332
17,41231806,,,A,INDEL,73,0.031223267
17,41231806,,A,,INDEL,615,0.26304534
17,41231806,,AA,,INDEL,28,0.011976048
17,41231902,rs4793197,G,A,SNV,737,0.3152267
17,41231941,,A,G,SNV,0,0
17,41232116,,G,A,SNV,2,0.000855432
17,41232293,rs77008361,A,G,SNV,1,0.000427716
17,41232344,rs6416927,G,C,SNV,2335,0.99871683
17,41232666,,,A,INDEL,22,0.009409752
17,41232698,rs8176190,C,T,SNV,373,0.15953806
17,41232702,,T,C,SNV,1,0.000427716
17,41232916,,A,T,SNV,1,0.000427716
17,41232996,,G,C,SNV,1,0.000427716
17,41233035,rs77473713,A,G,SNV,2,0.000855432
17,41233054,rs137888201,T,C,SNV,2,0.000855432
17,41233127,,A,G,SNV,1,0.000427716
17,41233205,rs139878952,G,A,SNV,25,0.0106929
17,41233209,rs8176187,A,G,SNV,3,0.001283148
17,41233487,,G,A,SNV,1,0.000427716
17,41233512,,G,A,SNV,1,0.000427716
17,41233627,rs8176186,C,T,SNV,24,0.010265184
17,41233651,,TGTT,,INDEL,4,0.001710864
17,41233833,,T,A,SNV,1,0.000427716
17,41233900,,CTTT,,INDEL,1,0.000427716
17,41233988,,G,C,SNV,1,0.000427716
17,41234130,rs147946603,C,T,SNV,5,0.00213858
17,41234203,,TTG,,INDEL,1,0.000427716
17,41234280,,C,A,SNV,1,0.000427716
17,41234304,rs3737559,C,T,SNV,191,0.08169375
17,41234407,,C,A,SNV,1,0.000427716
17,41234470,rs1060915,A,G,SNV,738,0.3156544
17,41234720,,T,A,SNV,2,0.000855432
17,41234915,rs191230495,G,A,SNV,1,0.000427716
17,41234954,,A,G,SNV,3,0.001283148
17,41234984,,T,A,SNV,1,0.000427716
17,41235196,,,T,INDEL,15,0.00641574
17,41235215,,C,T,SNV,1,0.000427716
17,41235220,,T,C,SNV,1,0.000427716
17,41235282,,C,G,SNV,1,0.000427716
17,41235329,rs183256264,C,T,SNV,1,0.000427716
17,41235508,,T,G,SNV,2,0.000855432
17,41235658,,A,C,SNV,0,0
17,41235772,,T,C,SNV,1,0.000427716
17,41235799,rs8067269,G,A,SNV,779,0.33319077
17,41235821,,A,C,SNV,0,0
17,41235839,,T,C,SNV,2,0.000855432
17,41235891,,A,T,SNV,1,0.000427716
17,41236049,,T,,INDEL,286,0.12232678
17,41236049,,,T,INDEL,155,0.06629598
17,41236049,,TT,,INDEL,16,0.006843456
17,41236078,,CA,,INDEL,1,0.000427716
17,41236133,,C,T,SNV,1,0.000427716
17,41236196,,C,T,SNV,1,0.000427716
17,41236248,rs183489787,C,T,SNV,2,0.000855432
17,41236258,,A,T,SNV,1,0.000427716
17,41236463,,G,A,SNV,1,0.000427716
17,41236477,,C,T,SNV,1,0.000427716
17,41237040,,,TCC,INDEL,2,0.000855432
17,41237238,,C,G,SNV,2,0.000855432
17,41237332,,G,A,SNV,1,0.000427716
17,41237377,,,A,INDEL,100,0.0427716
17,41237437,,G,A,SNV,1,0.000427716
17,41237444,rs8176176,A,G,SNV,38,0.016253209
17,41237678,,G,C,SNV,0,0
17,41237694,rs8176175,,A,INDEL,1,0.000427716
17,41237953,rs3950989,G,A,SNV,736,0.31479898
17,41238054,,G,A,SNV,1,0.000427716
17,41238123,,,ACAC,INDEL,1,0.000427716
17,41238127,,,ACACAC,INDEL,328,0.14029084
17,41238127,,,AC,INDEL,118,0.050470486
17,41238127,,AC,,INDEL,205,0.08768178
17,41238127,,ACAC,,INDEL,52,0.022241231
17,41238127,,,ACAC,INDEL,87,0.03721129
17,41238127,,,ACACACAC,INDEL,129,0.055175364
17,41238157,,ACACACACAG,,INDEL,1,0.000427716
17,41238259,,C,T,SNV,1,0.000427716
17,41238426,,C,A,SNV,1,0.000427716
17,41238465,,G,A,SNV,1,0.000427716
17,41238619,rs8176173,C,T,SNV,51,0.021813516
17,41238659,,C,T,SNV,1,0.000427716
17,41238668,,T,C,SNV,5,0.00213858
17,41238818,,A,G,SNV,1,0.000427716
17,41238969,rs150347361,G,C,SNV,1,0.000427716
17,41239007,,T,G,SNV,1,0.000427716
17,41239203,,A,C,SNV,1,0.000427716
17,41239280,,C,T,SNV,1,0.000427716
17,41239391,rs138167649,C,T,SNV,1,0.000427716
17,41239408,,G,A,SNV,1,0.000427716
17,41239472,rs8176171,G,A,SNV,738,0.3156544
17,41239491,rs8176170,T,C,SNV,738,0.3156544
17,41239628,rs8176168,A,G,SNV,736,0.31479898
17,41239661,,AAG,,INDEL,1,0.000427716
17,41239665,,G,C,SNV,1,0.000427716
17,41239668,,A,C,SNV,1,0.000427716
17,41239682,,A,*,SNV,234,0.10008554
17,41239682,,,A,INDEL,280,0.119760476
17,41239682,,A,,INDEL,200,0.0855432
17,41239682,,A,G,SNV,1,0.000427716
17,41239742,,C,T,SNV,2,0.000855432
17,41239916,rs144110800,,T,INDEL,19,0.008126604
17,41239916,rs144110800,T,,INDEL,461,0.19717707
17,41239928,rs79996471,T,C,SNV,40,0.01710864
17,41239980,rs8176167,T,C,SNV,26,0.0111206155
17,41240239,,CT,,INDEL,1,0.000427716
17,41240245,,T,C,SNV,2,0.000855432
17,41240277,rs8176166,T,C,SNV,335,0.14328486
17,41240307,,C,T,SNV,2,0.000855432
17,41240386,,T,,INDEL,257,0.10992301
17,41240386,,,T,INDEL,86,0.036783576
17,41240434,,C,T,SNV,1,0.000427716
17,41240690,,T,G,SNV,1,0.000427716
17,41240750,,G,C,SNV,1,0.000427716
17,41240755,,G,T,SNV,1,0.000427716
17,41240915,rs8176163,A,G,SNV,160,0.06843456
17,41241052,,A,C,SNV,1,0.000427716
17,41241257,,C,T,SNV,5,0.00213858
17,41241277,,T,G,SNV,2,0.000855432
17,41241340,,,A,INDEL,20,0.00855432
17,41241390,rs8176161,C,A,SNV,739,0.31608212
17,41241426,,G,T,SNV,1,0.000427716
17,41241503,rs8176160,T,C,SNV,739,0.31608212
17,41241567,rs77725050,,T,INDEL,94,0.040205304
17,41241567,rs77725050,T,,INDEL,141,0.060307957
17,41241568,rs34293035,T,*,SNV,13,0.0055603078
17,41241569,rs34293035,,C,INDEL,707,0.3023952
17,41241569,rs8176158,T,C,SNV,30,0.01283148
17,41241733,,,A,INDEL,4,0.001710864
17,41241733,,A,,INDEL,6,0.002566296
17,41241938,,C,T,SNV,1,0.000427716
17,41241939,,G,A,SNV,1,0.000427716
17,41242067,,,A,INDEL,19,0.008126604
17,41242076,rs200781379,AAG,,INDEL,726,0.3105218
17,41242196,,AAT,,INDEL,1,0.000427716
17,41242254,,T,G,SNV,1,0.000427716
17,41242278,,C,G,SNV,3,0.001283148
17,41242285,rs2070834,T,G,SNV,735,0.31437126
17,41242302,,C,T,SNV,1,0.000427716
17,41242336,,C,T,SNV,2,0.000855432
17,41242503,,G,C,SNV,1,0.000427716
17,41242758,,C,T,SNV,2,0.000855432
17,41242761,rs36039988,G,A,SNV,8,0.003421728
17,41242849,rs2070833,G,T,SNV,2,0.000855432
17,41242900,,A,G,SNV,1,0.000427716
17,41242923,,CA,,INDEL,1,0.000427716
17,41242932,rs273900726,G,A,SNV,1,0.000427716
17,41242991,,T,C,SNV,1,0.000427716
17,41243151,,T,C,SNV,1,0.000427716
17,41243190,rs799916,T,G,SNV,766,0.32763046
17,41243380,,C,,INDEL,1,0.000427716
17,41243509,rs28897689,T,C,SNV,13,0.0055603078
17,41243790,,G,C,SNV,1,0.000427716
17,41243800,rs28897686,C,T,SNV,1,0.000427716
17,41243840,rs28897687,A,C,SNV,1,0.000427716
17,41243940,rs55930959,C,T,SNV,0,0
17,41244000,rs16942,T,C,SNV,736,0.31479898
17,41244429,rs4986852,C,T,SNV,56,0.023952097
17,41244435,rs16941,T,C,SNV,737,0.3152267
17,41244494,,G,A,SNV,1,0.000427716
17,41244524,rs1800704,C,T,SNV,2,0.000855432
17,41244815,rs1800740,T,C,SNV,2,0.000855432
17,41244936,rs799917,G,A,SNV,763,0.3263473
17,41244951,rs80356911,C,T,SNV,1,0.000427716
17,41244952,rs41286300,G,A,SNV,2,0.000855432
17,41245027,rs1800709,G,A,SNV,8,0.003421728
17,41245071,rs28897683,G,T,SNV,4,0.001710864
17,41245101,rs80357108,T,C,SNV,1,0.000427716
17,41245120,rs28897682,T,A,SNV,1,0.000427716
17,41245237,rs16940,A,G,SNV,733,0.3135158
17,41245345,,G,C,SNV,1,0.000427716
17,41245466,rs1799949,G,A,SNV,735,0.31437126
17,41245471,rs4986850,C,T,SNV,169,0.072284006
17,41245637,rs62625305,A,G,SNV,1,0.000427716
17,41245683,rs56039126,G,A,SNV,1,0.000427716
17,41246014,rs41286294,G,A,SNV,1,0.000427716
17,41246061,rs28897677,C,T,SNV,2,0.000855432
17,41246481,rs1799950,T,C,SNV,160,0.06843456
17,41246483,rs41286292,C,T,SNV,1,0.000427716
17,41246499,,C,T,SNV,0,0
17,41246501,,,TTTA,INDEL,0,0
17,41246501,,C,A,SNV,0,0
17,41246503,,C,G,SNV,0,0
17,41246505,,C,T,SNV,0,0
17,41246508,,A,,INDEL,0,0
17,41246511,,G,C,SNV,0,0
17,41246514,,T,C,SNV,0,0
17,41246517,,GCATT,,INDEL,0,0
17,41246523,,,CG,INDEL,0,0
17,41246567,rs1800063,T,C,SNV,2,0.000855432
17,41246812,rs28897675,A,C,SNV,2,0.000855432
17,41246855,rs62625298,C,T,SNV,1,0.000427716
17,41246982,,A,G,SNV,1,0.000427716
17,41247055,rs8176151,C,T,SNV,60,0.02566296
17,41247110,,T,C,SNV,1,0.000427716
17,41247121,rs200368134,,TAC,INDEL,2,0.000855432
17,41247122,rs5820483,A,T,SNV,2,0.000855432
17,41247123,rs5820483,,CCT,INDEL,733,0.3135158
17,41247137,,G,A,SNV,1,0.000427716
17,41247213,,G,A,SNV,0,0
17,41247289,,C,T,SNV,1,0.000427716
17,41247318,,G,T,SNV,1,0.000427716
17,41247409,,G,A,SNV,1,0.000427716
17,41247458,rs190128845,G,A,SNV,1,0.000427716
17,41247471,,C,T,SNV,3,0.001283148
17,41247520,,G,A,SNV,1,0.000427716
17,41247599,,,A,INDEL,1,0.000427716
17,41247604,rs112891369,,C,INDEL,2,0.000855432
17,41247604,rs7503154,A,C,SNV,736,0.31479898
17,41247605,rs7503154,,AAC,INDEL,2,0.000855432
17,41247615,rs187482044,A,T,SNV,19,0.008126604
17,41247621,,,A,INDEL,102,0.04362703
17,41247624,,A,C,SNV,2,0.000855432
17,41247624,,,C,INDEL,2,0.000855432
17,41247697,,C,A,SNV,1,0.000427716
17,41247734,,A,G,SNV,2,0.000855432
17,41247847,rs199916228,C,T,SNV,1,0.000427716
17,41247872,rs80357088,C,A,SNV,1,0.000427716
17,41247892,rs55680408,T,C,SNV,1,0.000427716
17,41247941,rs80358033,T,G,SNV,1,0.000427716
17,41248024,,C,T,SNV,1,0.000427716
17,41248164,rs8176147,C,T,SNV,733,0.3135158
17,41248250,,C,T,SNV,1,0.000427716
17,41248262,,C,T,SNV,1,0.000427716
17,41248263,rs193059967,G,A,SNV,2,0.000855432
17,41248293,,C,G,SNV,1,0.000427716
17,41248394,,,AAAAAAAAAA,INDEL,266,0.11377245
17,41248394,,A,,INDEL,200,0.0855432
17,41248394,,,A,INDEL,144,0.061591104
17,41248394,,,AAAAAAAAAAA,INDEL,73,0.031223267
17,41248394,,,AAAAAAAAA,INDEL,68,0.029084688
17,41248394,,,AAAAAAAAAAAA,INDEL,30,0.01283148
17,41248412,,G,*,SNV,62,0.026518391
17,41248412,,G,A,SNV,8,0.003421728
17,41248412,,GAGAG,,INDEL,48,0.020530367
17,41248414,,G,A,SNV,8,0.003421728
17,41248414,,G,*,SNV,62,0.026518391
17,41248416,,G,A,SNV,17,0.007271172
17,41248416,,G,*,SNV,50,0.0213858
17,41248420,,G,A,SNV,60,0.02566296
17,41248424,,G,A,SNV,33,0.014114628
17,41248453,,G,A,SNV,1,0.000427716
17,41248471,,C,T,SNV,2,0.000855432
17,41248484,rs66499067,G,C,SNV,733,0.3135158
17,41248546,rs143921429,G,T,SNV,2,0.000855432
17,41248589,rs200178928,,A,INDEL,228,0.09751925
17,41248589,rs200178928,,AA,INDEL,15,0.00641574
17,41248589,rs200178928,A,,INDEL,677,0.28956372
17,41248589,rs200178928,AA,,INDEL,41,0.017536355
17,41248659,,C,T,SNV,1,0.000427716
17,41248681,,ACAG,,INDEL,2,0.000855432
17,41248801,,G,A,SNV,1,0.000427716
17,41248866,,T,C,SNV,1,0.000427716
17,41248904,rs8176146,G,A,SNV,26,0.0111206155
17,41249082,,T,C,SNV,1,0.000427716
17,41249094,rs8176145,A,G,SNV,735,0.31437126
17,41249113,,G,A,SNV,1,0.000427716
17,41249227,,C,T,SNV,1,0.000427716
17,41249263,rs1799965,G,A,SNV,1,0.000427716
17,41249323,rs80358014,C,A,SNV,1,0.000427716
17,41249364,rs8176144,A,,INDEL,733,0.3135158
17,41249488,,C,T,SNV,1,0.000427716
17,41249599,rs117281398,C,T,SNV,50,0.0213858
17,41249657,,T,C,SNV,1,0.000427716
17,41249819,,T,C,SNV,2,0.000855432
17,41249889,,T,C,SNV,1,0.000427716
17,41249894,,A,G,SNV,1,0.000427716
17,41250020,,C,G,SNV,1,0.000427716
17,41250027,rs799918,G,C,SNV,2,0.000855432
17,41250048,,,T,INDEL,702,0.30025664
17,41250048,,TTT,,INDEL,2,0.000855432
17,41250048,,T,,INDEL,172,0.07356715
17,41250158,,C,T,SNV,1,0.000427716
17,41250222,rs200081820,T,,INDEL,25,0.0106929
17,41250462,,G,A,SNV,2,0.000855432
17,41250500,,C,T,SNV,18,0.007698888
17,41250501,,A,G,SNV,18,0.007698888
17,41250518,,A,G,SNV,3,0.001283148
17,41250523,,G,A,SNV,3,0.001283148
17,41250524,,T,A,SNV,3,0.001283148
17,41250527,,T,C,SNV,3,0.001283148
17,41250533,,A,,INDEL,3,0.001283148
17,41250542,rs80083136,A,T,SNV,1,0.000427716
17,41250543,rs80083136,T,,INDEL,231,0.098802395
17,41250543,rs80083136,,T,INDEL,138,0.059024807
17,41250605,rs148902388,G,A,SNV,6,0.002566296
17,41250679,rs35693790,,T,INDEL,733,0.3135158
17,41250717,,G,T,SNV,1,0.000427716
17,41250777,rs185266203,G,A,SNV,1,0.000427716
17,41250837,,T,,INDEL,199,0.085115485
17,41250837,,,T,INDEL,169,0.072284006
17,41250923,rs799919,T,C,SNV,762,0.3259196
17,41251001,,T,,INDEL,538,0.23011121
17,41251001,,TT,,INDEL,28,0.011976048
17,41251001,,,T,INDEL,109,0.046621043
17,41251041,,T,A,SNV,1,0.000427716
17,41251120,,G,C,SNV,1,0.000427716
17,41251281,,T,C,SNV,1,0.000427716
17,41251283,,C,T,SNV,1,0.000427716
17,41251294,,T,,INDEL,198,0.08468777
17,41251294,,,T,INDEL,43,0.018391788
17,41251352,,A,T,SNV,1,0.000427716
17,41251412,,C,T,SNV,2,0.000855432
17,41251435,rs182621689,G,A,SNV,4,0.001710864
17,41251495,rs8176141,C,G,SNV,737,0.3152267
17,41251508,rs7219966,G,A,SNV,2,0.000855432
17,41251556,,G,C,SNV,1,0.000427716
17,41251646,rs8176140,T,A,SNV,735,0.31437126
17,41251931,rs799923,G,A,SNV,555,0.23738238
17,41252080,,C,G,SNV,1,0.000427716
17,41252232,rs8176138,T,,INDEL,11,0.004704876
17,41252332,,T,C,SNV,0,0
17,41252341,,A,G,SNV,1,0.000427716
17,41252542,,TATA,,INDEL,1,0.000427716
17,41252542,,,TA,INDEL,10,0.00427716
17,41252562,,TG,,INDEL,79,0.033789564
17,41252562,,,TG,INDEL,3,0.001283148
17,41252562,,TGTG,,INDEL,9,0.003849444
17,41252573,rs71367983,G,A,SNV,3,0.001283148
17,41252574,rs71367983,,TA,INDEL,3,0.001283148
17,41252575,,G,A,SNV,340,0.14542344
17,41252576,,TA,,INDEL,20,0.00855432
17,41252577,,ATATATATATATAACATATATATAACATATATATATTATATATATATAACATATATATAACATATATATATGT,*,SV,21,0.008982036
17,41252577,,A,G,SNV,44,0.018819503
17,41252578,,,TATATATATATAACATATATATAACATATATATAT,INDEL,2,0.000855432
17,41252581,,,ATATATATAAC,INDEL,1,0.000427716
17,41252581,,ATATATATAAC,,INDEL,2,0.000855432
17,41252582,,TATATATAAC,*,INDEL,2,0.000855432
17,41252583,,ATATATAAC,,INDEL,6,0.002566296
17,41252584,,TATATAAC,*,INDEL,8,0.003421728
17,41252585,,ATATAAC,,INDEL,10,0.00427716
17,41252591,rs202137181,CATATATATAACATATATATATT,*,INDEL,18,0.007698888
17,41252592,rs202137181,,AT,INDEL,128,0.05474765
17,41252592,rs202137181,ATATATATAACATATATATATT,,INDEL,43,0.018391788
17,41252601,,A,*,SNV,48,0.020530367
17,41252601,,A,T,SNV,10,0.00427716
17,41252602,,C,A,SNV,10,0.00427716
17,41252602,,CATATATATATT,*,INDEL,38,0.016253209
17,41252603,,A,*,SNV,129,0.055175364
17,41252603,,AT,,INDEL,17,0.007271172
17,41252603,,ATATATATATT,,INDEL,78,0.03336185
17,41252604,,,T,INDEL,16,0.006843456
17,41252611,,A,G,SNV,20,0.00855432
17,41252611,,ATTATATATATATAACATATATATAACATATATATATG,*,INDEL,111,0.047476474
17,41252612,,TT,,INDEL,2,0.000855432
17,41252612,,T,A,SNV,94,0.040205304
17,41252612,,TTA,*,INDEL,111,0.047476474
17,41252613,rs10445318,T,*,SNV,108,0.046193328
17,41252613,rs10445318,T,A,SNV,15,0.00641574
17,41252613,rs10445318,T,C,SNV,94,0.040205304
17,41252613,,,TA,INDEL,16,0.006843456
17,41252613,,TA,,INDEL,2,0.000855432
17,41252614,,A,*,SNV,2,0.000855432
17,41252614,,A,T,SNV,1,0.000427716
17,41252615,rs12948474,T,C,SNV,13,0.0055603078
17,41252624,,A,,INDEL,1,0.000427716
17,41252627,rs200083681,,ATATATATAACATATATATATGTTAT,INDEL,3,0.001283148
17,41252627,rs200083681,,AT,INDEL,4,0.001710864
17,41252635,rs67359044,AAC,,INDEL,57,0.024379812
17,41252635,,AACATATATATATGT,*,INDEL,55,0.02352438
17,41252636,,ACATATATATATGT,,INDEL,76,0.032506417
17,41252637,,CATATATATATGTT,*,INDEL,105,0.04491018
17,41252638,,AT,,INDEL,45,0.019247219
17,41252638,,ATATATATATGTT,,INDEL,15,0.00641574
17,41252638,,,AT,INDEL,1,0.000427716
17,41252645,,T,C,SNV,40,0.01710864
17,41252645,,TATGTTATATATATATAAC,*,INDEL,69,0.029512404
17,41252646,rs67481339,ATGT,*,INDEL,69,0.029512404
17,41252647,rs67481339,TGT,,INDEL,56,0.023952097
17,41252647,,TGTTATATATATATAAC,*,INDEL,125,0.0534645
17,41252648,,,AAC,INDEL,1,0.000427716
17,41252648,,G,A,SNV,21,0.008982036
17,41252648,,G,*,SNV,123,0.052609067
17,41252649,,TTA,*,INDEL,122,0.052181352
17,41252650,,,A,INDEL,5,0.00213858
17,41252650,,T,C,SNV,51,0.021813516
17,41252650,,T,*,SNV,16,0.006843456
17,41252650,,,TA,INDEL,16,0.006843456
17,41252651,,,AC,INDEL,10,0.00427716
17,41252658,,T,C,SNV,77,0.032934133
17,41252661,,AAC,,INDEL,77,0.032934133
17,41252672,,A,*,SNV,67,0.028656973
17,41252672,rs66792711,AAC,,INDEL,65,0.02780154
17,41252672,rs66792711,A,,INDEL,0,0
17,41252673,,,TATGTT,INDEL,2,0.000855432
17,41252673,,A,*,SNV,67,0.028656973
17,41252673,,,TATATGTT,INDEL,4,0.001710864
17,41252673,,A,T,SNV,2,0.000855432
17,41252674,,C,G,SNV,2,0.000855432
17,41252674,,C,T,SNV,8,0.003421728
17,41252674,,CATATATATATATATATATATAATAT,*,INDEL,67,0.028656973
17,41252675,,A,*,SNV,66,0.028229255
17,41252675,,A,T,SNV,2,0.000855432
17,41252675,,AT,,INDEL,55,0.02352438
17,41252675,,ATAT,,INDEL,9,0.003849444
17,41252676,,,TGT,INDEL,2,0.000855432
17,41252677,,A,*,SNV,11,0.004704876
17,41252678,,,TGT,INDEL,1,0.000427716
17,41252679,,A,G,SNV,2,0.000855432
17,41252680,,,TGT,INDEL,16,0.006843456
17,41252681,,A,,INDEL,2,0.000855432
17,41252681,,A,G,SNV,35,0.0149700595
17,41252681,,A,*,SNV,4,0.001710864
17,41252683,rs66943650,A,,INDEL,35,0.0149700595
17,41252684,,T,C,SNV,12,0.005132592
17,41252685,,,AC,INDEL,2,0.000855432
17,41252686,,TATATATATAAT,,INDEL,1,0.000427716
17,41252686,,T,*,SNV,3,0.001283148
17,41252686,,,T,INDEL,2,0.000855432
17,41252687,,,AAC,INDEL,2,0.000855432
17,41252687,rs12941007,A,*,SNV,3,0.001283148
17,41252687,rs12941007,A,G,SNV,83,0.03550043
17,41252688,,TATATATAATATATATATA,*,INDEL,3,0.001283148
17,41252689,,ATATATAATATATATATA,,INDEL,77,0.032934133
17,41252691,,ATATAATATATAT,*,INDEL,77,0.032934133
17,41252692,,TATAATATATAT,,INDEL,16,0.006843456
17,41252692,,TAT,,INDEL,2,0.000855432
17,41252692,,TATAAT,,INDEL,36,0.015397776
17,41252693,,ATAATATATATATATAT,*,INDEL,124,0.053036783
17,41252694,,TAAT,,INDEL,217,0.09281437
17,41252694,,T,,INDEL,1,0.000427716
17,41252694,,TAATA,*,INDEL,335,0.14328486
17,41252694,,TAATATATATATATAT,,INDEL,1,0.000427716
17,41252695,,A,,INDEL,48,0.020530367
17,41252695,,AATAT,*,INDEL,284,0.121471345
17,41252695,,AATA,,INDEL,5,0.00213858
17,41252696,,,AC,INDEL,11,0.004704876
17,41252696,,,T,INDEL,26,0.0111206155
17,41252696,rs66461214,A,T,SNV,141,0.060307957
17,41252696,,AT,,INDEL,672,0.28742516
17,41252696,rs66461214,AT,*,INDEL,899,0.3845167
17,41252696,,ATAT,,INDEL,12,0.005132592
17,41252697,rs10445302,T,C,SNV,6,0.002566296
17,41252697,rs66461214,T,,INDEL,3,0.001283148
17,41252697,rs10445302,T,*,SNV,891,0.38109496
17,41252697,rs10445302,T,A,SNV,141,0.060307957
17,41252698,rs10445302,,A,INDEL,9,0.003849444
17,41252698,,A,G,SNV,33,0.014114628
17,41252698,,AT,*,INDEL,65,0.02780154
17,41252699,,T,,INDEL,4,0.001710864
17,41252699,,T,*,SNV,64,0.027373824
17,41252699,,T,C,SNV,33,0.014114628
17,41252703,,T,*,SNV,45,0.019247219
17,41252704,,,AACATATATATATATATATATA,INDEL,1,0.000427716
17,41252756,,,T,INDEL,36,0.015397776
17,41252879,,G,C,SNV,1,0.000427716
17,41252880,rs148500539,C,T,SNV,39,0.016680924
17,41253112,,A,G,SNV,1,0.000427716
17,41253263,,G,C,SNV,0,0
17,41253479,,T,C,SNV,1,0.000427716
17,41253524,,T,C,SNV,10,0.00427716
17,41253539,,A,G,SNV,1,0.000427716
17,41253699,,T,C,SNV,1,0.000427716
17,41253784,rs191341657,G,T,SNV,7,0.002994012
17,41253810,rs146079169,C,T,SNV,1,0.000427716
17,41253861,,A,C,SNV,1,0.000427716
17,41253963,,C,G,SNV,2,0.000855432
17,41254088,rs150421137,,T,INDEL,5,0.00213858
17,41254096,,,T,INDEL,25,0.0106929
17,41254130,,C,T,SNV,1,0.000427716
17,41254174,rs10445320,A,G,SNV,739,0.31608212
17,41254375,,,TTTTTTT,INDEL,59,0.025235243
17,41254375,,,TTTTTTTT,INDEL,244,0.104362704
17,41254375,,,TTTTTTTTT,INDEL,42,0.017964073
17,41254375,,,TTTTTTTTTT,INDEL,26,0.0111206155
17,41254375,,,T,INDEL,68,0.029084688
17,41254375,,T,,INDEL,120,0.05132592
17,41254387,,T,G,SNV,1,0.000427716
17,41254405,rs10445303,C,T,SNV,704,0.30111206
17,41254457,rs189910357,T,A,SNV,4,0.001710864
17,41254486,rs10445321,T,G,SNV,767,0.32805818
17,41254534,,C,T,SNV,1,0.000427716
17,41254677,,T,,INDEL,59,0.025235243
17,41254677,,,T,INDEL,35,0.0149700595
17,41254723,rs34765977,G,A,SNV,38,0.016253209
17,41254730,rs151190044,A,G,SNV,2,0.000855432
17,41254751,,,TCTA,INDEL,0,0
17,41254818,rs149949159,C,T,SNV,1,0.000427716
17,41254958,,C,A,SNV,1,0.000427716
17,41254966,,,TT,INDEL,27,0.011548332
17,41254966,,T,,INDEL,118,0.050470486
17,41254966,,,T,INDEL,1072,0.45851156
17,41255102,rs67060599,A,G,SNV,737,0.3152267
17,41255111,rs35908185,A,T,SNV,739,0.31608212
17,41255133,,T,C,SNV,3,0.001283148
17,41255281,,C,T,SNV,1,0.000427716
17,41255282,,G,A,SNV,1,0.000427716
17,41255290,,C,T,SNV,1,0.000427716
17,41255322,,A,,INDEL,0,0
17,41255351,,T,C,SNV,2,0.000855432
17,41255448,rs191514351,C,T,SNV,14,0.005988024
17,41255477,,C,G,SNV,3,0.001283148
17,41255484,,A,,INDEL,283,0.12104363
17,41255484,,,A,INDEL,169,0.072284006
17,41255484,,AA,,INDEL,17,0.007271172
17,41255667,,A,T,SNV,1,0.000427716
17,41255753,,A,G,SNV,1,0.000427716
17,41255793,,C,A,SNV,4,0.001710864
17,41255845,,C,T,SNV,3,0.001283148
17,41255855,,G,A,SNV,1,0.000427716
17,41255859,rs8176137,C,T,SNV,38,0.016253209
17,41256075,rs368252296,,A,INDEL,25,0.0106929
17,41256075,rs368252296,A,,INDEL,792,0.33875108
17,41256087,,GA,*,INDEL,2,0.000855432
17,41256088,,A,,INDEL,8,0.003421728
17,41256090,rs373413425,AAAAAAAAGAAAAG,,INDEL,733,0.3135158
17,41256100,,AAAGAAG,*,INDEL,9,0.003849444
17,41256101,,AAG,,INDEL,2,0.000855432
17,41256101,,AAGAAG,,INDEL,2,0.000855432
17,41256365,rs273899697,A,G,SNV,1,0.000427716
17,41256427,,T,C,SNV,1,0.000427716
17,41256520,rs182337266,C,T,SNV,1,0.000427716
17,41256814,,G,A,SNV,1,0.000427716
17,41256818,,T,C,SNV,1,0.000427716
17,41257134,rs799912,T,C,SNV,767,0.32805818
17,41257458,rs8176133,A,C,SNV,737,0.3152267
17,41257565,,C,T,SNV,2,0.000855432
17,41257752,,T,C,SNV,1,0.000427716
17,41257812,,A,G,SNV,1,0.000427716
17,41258043,rs8176130,C,T,SNV,739,0.31608212
17,41258093,,G,A,SNV,1,0.000427716
17,41258102,,C,T,SNV,1,0.000427716
17,41258136,,A,,INDEL,464,0.19846022
17,41258136,,,A,INDEL,175,0.0748503
17,41258136,,AA,,INDEL,58,0.024807528
17,41258151,,A,G,SNV,2,0.000855432
17,41258169,,C,A,SNV,2,0.000855432
17,41258218,,C,T,SNV,3,0.001283148
17,41258220,rs189352191,C,T,SNV,3,0.001283148
17,41258254,,A,G,SNV,1,0.000427716
17,41258314,,T,,INDEL,1,0.000427716
17,41258358,,CT,,INDEL,1,0.000427716
17,41258600,,G,C,SNV,1,0.000427716
17,41258776,rs189133089,A,T,SNV,1,0.000427716
17,41258826,rs8176127,T,C,SNV,31,0.013259196
17,41258946,rs799913,T,C,SNV,59,0.025235243
17,41259049,rs8176126,C,T,SNV,739,0.31608212
17,41259080,,,T,INDEL,212,0.09067579
17,41259080,,,TT,INDEL,566,0.24208726
17,41259080,,,TTT,INDEL,44,0.018819503
17,41259080,,T,,INDEL,124,0.053036783
17,41259104,,C,T,SNV,2,0.000855432
17,41259113,,G,A,SNV,35,0.0149700595
17,41259144,,C,A,SNV,1,0.000427716
17,41259183,,G,A,SNV,12,0.005132592
17,41259304,,T,C,SNV,0,0
17,41259400,,T,,INDEL,252,0.10778443
17,41259400,,,T,INDEL,186,0.079555176
17,41259474,,T,C,SNV,1,0.000427716
17,41259742,,C,T,SNV,1,0.000427716
17,41260063,,,A,INDEL,5,0.00213858
17,41260090,,G,A,SNV,3,0.001283148
17,41260112,,A,T,SNV,3,0.001283148
17,41260121,,G,A,SNV,3,0.001283148
17,41260248,,G,A,SNV,2,0.000855432
17,41260353,,,A,INDEL,643,0.27502137
17,41260353,,,AA,INDEL,9,0.003849444
17,41260353,,A,,INDEL,179,0.07656116
17,41260353,,AA,,INDEL,15,0.00641574
17,41260447,,G,A,SNV,3,0.001283148
17,41260724,,,AA,INDEL,21,0.008982036
17,41260724,,A,,INDEL,41,0.017536355
17,41260724,,AAA,,INDEL,2,0.000855432
17,41260724,,,A,INDEL,138,0.059024807
17,41260769,,C,T,SNV,1,0.000427716
17,41260808,,,G,INDEL,1,0.000427716
17,41260808,rs4792977,A,G,SNV,738,0.3156544
17,41260809,rs4792977,,GCG,INDEL,1,0.000427716
17,41260891,,T,A,SNV,1,0.000427716
17,41260985,rs142808159,G,C,SNV,42,0.017964073
17,41260988,,C,A,SNV,1,0.000427716
17,41261012,,,AAAAC,INDEL,1,0.000427716
17,41261039,,C,A,SNV,2,0.000855432
17,41261058,,,TCTA,INDEL,1,0.000427716
17,41261059,rs58891786,,CTATCTATCTACCTAC,INDEL,730,0.31223267
17,41261066,,T,C,SNV,1,0.000427716
17,41261067,,,CTACCTACCTATCTAC,INDEL,1,0.000427716
17,41261104,,C,T,SNV,1,0.000427716
17,41261105,rs8176121,G,C,SNV,61,0.026090676
17,41261233,rs8176120,C,T,SNV,739,0.31608212
17,41261376,,,TTATATT,INDEL,1,0.000427716
17,41261379,,TAT,,INDEL,2,0.000855432
17,41261655,,G,A,SNV,4,0.001710864
17,41261884,rs184336950,C,T,SNV,1,0.000427716
17,41261916,,T,,INDEL,342,0.14627887
17,41261916,,,T,INDEL,147,0.06287425
17,41261940,rs187354131,C,T,SNV,24,0.010265184
17,41262079,rs140092494,C,G,SNV,1,0.000427716
17,41262191,rs111572667,G,A,SNV,2,0.000855432
17,41262244,,T,C,SNV,1,0.000427716
17,41262262,rs185494719,T,G,SNV,1,0.000427716
17,41262309,rs113127132,T,C,SNV,2,0.000855432
17,41262358,,C,T,SNV,1,0.000427716
17,41262432,,G,C,SNV,1,0.000427716
17,41262433,,TC,,INDEL,2,0.000855432
17,41262549,rs75129942,G,A,SNV,51,0.021813516
17,41262605,,A,,INDEL,428,0.18306245
17,41262605,,AA,,INDEL,49,0.020958085
17,41262605,,,A,INDEL,172,0.07356715
17,41262763,,G,C,SNV,1,0.000427716
17,41262893,rs140606703,G,A,SNV,5,0.00213858
17,41263044,rs12936316,A,G,SNV,732,0.31308812
17,41263080,,T,G,SNV,1,0.000427716
17,41263097,,A,G,SNV,1,0.000427716
17,41263118,,,A,INDEL,585,0.25021386
17,41263118,,,AA,INDEL,161,0.068862274
17,41263118,,A,,INDEL,150,0.0641574
17,41263278,rs180955947,T,A,SNV,2,0.000855432
17,41263366,,G,A,SNV,1,0.000427716
17,41263430,rs8176118,G,A,SNV,48,0.020530367
17,41263532,,G,A,SNV,1,0.000427716
17,41263547,,,A,INDEL,7,0.002994012
17,41263564,,C,A,SNV,1,0.000427716
17,41263566,rs8176117,T,C,SNV,736,0.31479898
17,41263610,rs143757906,G,A,SNV,1,0.000427716
17,41263613,,C,T,SNV,2,0.000855432
17,41263648,,C,T,SNV,1,0.000427716
17,41263708,rs186283015,A,G,SNV,1,0.000427716
17,41263778,,G,A,SNV,1,0.000427716
17,41263825,,C,G,SNV,1,0.000427716
17,41263838,,,CAAAA,INDEL,1,0.000427716
17,41263845,rs8176116,A,C,SNV,3,0.001283148
17,41263855,,AAAC,,INDEL,1,0.000427716
17,41263881,,A,,INDEL,2,0.000855432
17,41263888,,A,T,SNV,1,0.000427716
17,41263920,,T,G,SNV,1,0.000427716
17,41264051,,T,C,SNV,1,0.000427716
17,41264112,,,T,INDEL,227,0.09709153
17,41264112,,T,,INDEL,42,0.017964073
17,41264146,rs11657823,G,A,SNV,731,0.3126604
17,41264169,rs145019951,C,T,SNV,2,0.000855432
17,41264364,rs8176114,A,G,SNV,733,0.3135158
17,41264474,,TTAAAAA,,INDEL,2,0.000855432
17,41264618,,C,T,SNV,1,0.000427716
17,41264739,rs55737636,C,T,SNV,762,0.3259196
17,41264741,rs55820479,GA,,INDEL,762,0.3259196
17,41264744,rs374842106,T,,INDEL,762,0.3259196
17,41264749,rs377611452,C,G,SNV,762,0.3259196
17,41264750,rs371133200,A,T,SNV,762,0.3259196
17,41264752,,,GGG,INDEL,762,0.3259196
17,41264753,rs375673256,C,T,SNV,762,0.3259196
17,41264756,rs67177158,GAAAC,,INDEL,762,0.3259196
17,41264827,,,T,INDEL,147,0.06287425
17,41264827,,T,,INDEL,23,0.009837468
17,41264859,,C,T,SNV,1,0.000427716
17,41264871,,A,G,SNV,3,0.001283148
17,41265116,,G,A,SNV,1,0.000427716
17,41265380,rs139811854,TTTTC,,INDEL,28,0.011976048
17,41265499,,G,A,SNV,1,0.000427716
17,41265583,,G,A,SNV,1,0.000427716
17,41265620,rs192139502,G,A,SNV,2,0.000855432
17,41265674,,G,A,SNV,1,0.000427716
17,41265776,rs8176109,A,G,SNV,739,0.31608212
17,41265825,,C,T,SNV,1,0.000427716
17,41265955,rs2671874,G,A,SNV,28,0.011976048
17,41265999,,G,A,SNV,1,0.000427716
17,41266092,,A,,INDEL,112,0.047904193
17,41266092,,,A,INDEL,187,0.07998289
17,41266148,,G,C,SNV,1,0.000427716
17,41266176,,C,T,SNV,2,0.000855432
17,41266338,,C,G,SNV,1,0.000427716
17,41266408,,,T,INDEL,780,0.3336185
17,41266408,,,TT,INDEL,36,0.015397776
17,41266408,,T,,INDEL,128,0.05474765
17,41266663,,C,A,SNV,1,0.000427716
17,41266871,,C,T,SNV,1,0.000427716
17,41266974,,C,T,SNV,1,0.000427716
17,41266997,rs8176104,C,T,SNV,113,0.04833191
17,41267050,rs8176103,G,A,SNV,739,0.31608212
17,41267053,,CAAA,,INDEL,3,0.001283148
17,41267198,,C,T,SNV,2,0.000855432
17,41267298,,A,G,SNV,1,0.000427716
17,41267505,,C,T,SNV,0,0
17,41267519,,,A,INDEL,89,0.038066722
17,41267519,,A,,INDEL,788,0.33704022
17,41267519,,AA,,INDEL,27,0.011548332
17,41267810,rs80358006,G,A,SNV,2,0.000855432
17,41267861,rs80358117,C,G,SNV,1,0.000427716
17,41268026,,T,C,SNV,1,0.000427716
17,41268054,,C,A,SNV,1,0.000427716
17,41268206,rs8176098,A,C,SNV,738,0.3156544
17,41268209,rs8176097,,T,INDEL,675,0.2887083
17,41268209,rs8176097,,TT,INDEL,60,0.02566296
17,41268343,,C,G,SNV,1,0.000427716
17,41268377,,A,G,SNV,3,0.001283148
17,41268468,rs114323360,G,C,SNV,2,0.000855432
17,41268488,,T,C,SNV,2,0.000855432
17,41268518,rs8176096,C,T,SNV,18,0.007698888
17,41268689,,C,G,SNV,1,0.000427716
17,41268693,rs184113374,G,A,SNV,1,0.000427716
17,41268779,,G,A,SNV,9,0.003849444
17,41269043,,G,A,SNV,1,0.000427716
17,41269180,rs117381683,C,T,SNV,56,0.023952097
17,41269497,,G,T,SNV,2,0.000855432
17,41269529,,G,A,SNV,2,0.000855432
17,41269655,,C,T,SNV,1,0.000427716
17,41269711,,G,A,SNV,1,0.000427716
17,41269832,,A,G,SNV,1,0.000427716
17,41269889,,T,C,SNV,2,0.000855432
17,41270012,,G,C,SNV,1,0.000427716
17,41270173,,A,G,SNV,1,0.000427716
17,41270229,rs8176092,T,G,SNV,738,0.3156544
17,41270263,,G,A,SNV,1,0.000427716
17,41270277,rs8176091,C,T,SNV,736,0.31479898
17,41270310,,G,A,SNV,1,0.000427716
17,41270355,rs9895855,T,C,SNV,2,0.000855432
17,41270390,,T,C,SNV,1,0.000427716
17,41270401,,,T,INDEL,47,0.020102652
17,41270418,rs8176090,G,C,SNV,2,0.000855432
17,41270463,rs8176088,G,A,SNV,736,0.31479898
17,41270576,,T,C,SNV,1,0.000427716
17,41270652,,C,T,SNV,1,0.000427716
17,41270666,rs8176087,C,A,SNV,736,0.31479898
17,41270742,,C,T,SNV,2,0.000855432
17,41270779,,,T,INDEL,684,0.29255775
17,41270779,,T,,INDEL,159,0.06800684
17,41270779,,TT,,INDEL,15,0.00641574
17,41270779,,,TT,INDEL,21,0.008982036
17,41270941,,C,T,SNV,1,0.000427716
17,41270942,,G,C,SNV,1,0.000427716
17,41271050,rs185558851,C,T,SNV,7,0.002994012
17,41271222,rs143912779,C,T,SNV,1,0.000427716
17,41271294,rs61461583,,A,INDEL,54,0.023096664
17,41271294,rs61461583,A,,INDEL,763,0.3263473
17,41271330,,T,G,SNV,1,0.000427716
17,41271421,rs373185847,G,,INDEL,2,0.000855432
17,41271586,rs193150833,C,G,SNV,9,0.003849444
17,41271644,,T,C,SNV,1,0.000427716
17,41271781,,T,A,SNV,1,0.000427716
17,41271866,rs369865630,A,C,SNV,2,0.000855432
17,41271966,,A,G,SNV,2,0.000855432
17,41272443,rs145157551,C,T,SNV,21,0.008982036
17,41272508,,C,T,SNV,1,0.000427716
17,41272655,,G,A,SNV,1,0.000427716
17,41272763,,A,C,SNV,3,0.001283148
17,41272937,,C,T,SNV,2,0.000855432
17,41272938,,G,A,SNV,1,0.000427716
17,41272995,,C,T,SNV,1,0.000427716
17,41272996,rs146467457,G,A,SNV,43,0.018391788
17,41273062,,G,A,SNV,1,0.000427716
17,41273066,,G,A,SNV,9,0.003849444
17,41273095,rs35668327,G,A,SNV,725,0.3100941
17,41273095,rs35668327,G,C,SNV,7,0.002994012
17,41273308,,C,T,SNV,1,0.000427716
17,41273348,rs799902,T,C,SNV,765,0.32720274
17,41273379,rs34942571,G,A,SNV,5,0.00213858
17,41273379,rs34942571,G,C,SNV,736,0.31479898
17,41273422,rs148068102,C,T,SNV,43,0.018391788
17,41273537,rs36086436,A,C,SNV,736,0.31479898
17,41273701,,,A,INDEL,227,0.09709153
17,41273701,,,AA,INDEL,171,0.07313944
17,41273701,,,AAA,INDEL,195,0.08340462
17,41273701,,,AAAA,INDEL,59,0.025235243
17,41273701,,,AAAAA,INDEL,39,0.016680924
17,41273701,,A,,INDEL,92,0.039349873
17,41273726,,G,A,SNV,27,0.011548332
17,41273811,,C,T,SNV,1,0.000427716
17,41273903,rs150513851,C,G,SNV,1,0.000427716
17,41273903,rs150513851,C,T,SNV,25,0.0106929
17,41273983,,T,,INDEL,1,0.000427716
17,41274778,rs8176086,G,A,SNV,738,0.3156544
17,41274906,rs799903,G,A,SNV,683,0.29213002
17,41274906,rs199839105,G,,INDEL,104,0.044482462
17,41274926,,T,G,SNV,1,0.000427716
17,41274987,rs146201713,T,C,SNV,2,0.000855432
17,41274997,rs139191165,C,T,SNV,2,0.000855432
17,41275055,,C,G,SNV,1,0.000427716
17,41275082,rs149141411,,A,INDEL,736,0.31479898
17,41275098,rs143849355,A,G,SNV,8,0.003421728
17,41275151,rs8176083,G,C,SNV,735,0.31437126
17,41275154,,G,A,SNV,5,0.00213858
17,41275164,,C,T,SNV,1,0.000427716
17,41275197,,T,G,SNV,1,0.000427716
17,41275243,,,A,INDEL,17,0.007271172
17,41275341,,C,,INDEL,7,0.002994012
17,41275345,,TCA,,INDEL,7,0.002994012
17,41275355,,C,A,SNV,1,0.000427716
17,41275367,,,T,INDEL,289,0.12360992
17,41275367,,,TT,INDEL,85,0.03635586
17,41275367,,T,,INDEL,246,0.105218135
17,41275367,,TT,,INDEL,17,0.007271172
17,41275367,,TTTTTTT,,INDEL,91,0.038922157
17,41275376,,,G,INDEL,2,0.000855432
17,41275645,rs8176082,A,G,SNV,738,0.3156544
17,41275655,rs113117695,G,A,SNV,1,0.000427716
17,41275802,rs8176080,G,A,SNV,3,0.001283148
17,41276129,,T,C,SNV,1,0.000427716
17,41276247,rs3765640,A,G,SNV,738,0.3156544
17,41276348,rs8176077,T,C,SNV,738,0.3156544
17,41276354,,C,T,SNV,1,0.000427716
17,41276357,,C,T,SNV,1,0.000427716
17,41276554,,T,A,SNV,1,0.000427716
17,41276672,,C,T,SNV,1,0.000427716
17,41276757,rs146993095,C,T,SNV,2,0.000855432
17,41276763,,TTTTT,,INDEL,3,0.001283148
17,41276764,,TTTTTGTTTTG,*,INDEL,3,0.001283148
17,41276765,,TTTTGTTTTG,,INDEL,9,0.003849444
17,41276765,,,TTTTG,INDEL,1,0.000427716
17,41276899,,G,A,SNV,1,0.000427716
17,41277119,,C,A,SNV,1,0.000427716
17,41277152,,C,A,SNV,1,0.000427716
17,41277187,rs799905,G,C,SNV,764,0.326775
17,41277231,,C,T,SNV,1,0.000427716
17,41277328,,G,A,SNV,1,0.000427716
17,41277330,,C,T,SNV,1,0.000427716
17,41277354,rs143160357,G,A,SNV,1,0.000427716